カテゴリ,商品名,価格,アフィリエイトURL
ワイヤレスイヤホン,【期間限定セール実施中 5/16まで】Anker Soundcore P31i (Bluetooth 6.1) 【完全ワイヤレスイヤホン/アクティブノイズキャンセリング/マルチポイント接続 / 最大50時間再生 / PSE技術基準適合】,4990,https://hb.afl.rakuten.co.jp/hgc/g00rr09n.7fmpia48.g00rr09n.7fmpj1e9/?pc=https%3A%2F%2Fitem.rakuten.co.jp%2Fanker%2Fd1202%2F&m=http%3A%2F%2Fm.rakuten.co.jp%2Fanker%2Fi%2F10002482%2F&rafcid=wsc_i_is_d634ff2c-683e-4977-844d-858728677083
ワイヤレスイヤホン,"新色追加！楽天ランキング1位＼81%OFF＆P2倍で2,174円／2024年間MVP ワイヤレスイヤホン bluetoothイヤホン 残量表示 Bluetooth5.4 ENC ノイズキャンセリング 自動ペアリング 36H連続再生 Type‐C急速充電 IPX7防水 AAC対応 マイク内蔵 iPhone/Android 旅行",2780,https://hb.afl.rakuten.co.jp/hgc/g00u931n.7fmpi5af.g00u931n.7fmpj109/?pc=https%3A%2F%2Fitem.rakuten.co.jp%2Fgracevally%2Fgrace-x1%2F&m=http%3A%2F%2Fm.rakuten.co.jp%2Fgracevally%2Fi%2F10000003%2F&rafcid=wsc_i_is_d634ff2c-683e-4977-844d-858728677083
ワイヤレスイヤホン,Anker Soundcore P40i (Bluetooth 5.3) 【完全ワイヤレスイヤホン/ウルトラノイズキャンセリング 2.0 / マルチポイント接続 / 最大60時間再生 / PSE技術基準適合】,7990,https://hb.afl.rakuten.co.jp/hgc/g00rr09n.7fmpia48.g00rr09n.7fmpj1e9/?pc=https%3A%2F%2Fitem.rakuten.co.jp%2Fanker%2Fa3955%2F&m=http%3A%2F%2Fm.rakuten.co.jp%2Fanker%2Fi%2F10001894%2F&rafcid=wsc_i_is_d634ff2c-683e-4977-844d-858728677083
ワイヤレスイヤホン,Anker Soundcore Liberty 5（Bluetooth 5.4）【完全ワイヤレスイヤホン/ウルトラノイズキャンセリング 3.5/3Dオーディオ/Dolby Audio対応/ワイヤレス充電/マルチポイント接続/外音取り込み/最大48時間再生/ハイレゾ/IP55 防塵・防水】,14990,https://hb.afl.rakuten.co.jp/hgc/g00rr09n.7fmpia48.g00rr09n.7fmpj1e9/?pc=https%3A%2F%2Fitem.rakuten.co.jp%2Fanker%2Fa3957%2F&m=http%3A%2F%2Fm.rakuten.co.jp%2Fanker%2Fi%2F10002334%2F&rafcid=wsc_i_is_d634ff2c-683e-4977-844d-858728677083
ワイヤレスイヤホン,★5/8AM10時〜限定クーポン＆ポイントUP★先着でケースプレゼント【公式】JBL ワイヤレスイヤホン TOUR PRO 3 | イヤホン Bluetooth 5.3 ノイズキャンセリング 液晶付き タッチパネル 画面 LDAC ハイレゾ マルチポイント ANC 外音取り込み マイク付き ハンズフリー,39600,https://hb.afl.rakuten.co.jp/hgc/g00tzaon.7fmpi3a5.g00tzaon.7fmpjf8f/?pc=https%3A%2F%2Fitem.rakuten.co.jp%2Fjblstore%2Ftour-pro3%2F&m=http%3A%2F%2Fm.rakuten.co.jp%2Fjblstore%2Fi%2F10000195%2F&rafcid=wsc_i_is_d634ff2c-683e-4977-844d-858728677083
スマートウォッチ,【テストする女性誌「LDK」ベストバイ受賞】 スマートウォッチ レディース 小さめ Primo 常時表示 AMOLEDディスプレイ 通話機能 薄型 防水 iphone Android LINE通知 日本語 腕時計 メンズ ラッピング無料 父の日 ギフト プレゼント （SW-P18Nリニューアル）,5980,https://hb.afl.rakuten.co.jp/hgc/g00tre1n.7fmpi5a1.g00tre1n.7fmpj574/?pc=https%3A%2F%2Fitem.rakuten.co.jp%2Funboxroom%2Fsw-p18t_c%2F&m=http%3A%2F%2Fm.rakuten.co.jp%2Funboxroom%2Fi%2F10000113%2F&rafcid=wsc_i_is_d634ff2c-683e-4977-844d-858728677083
スマートウォッチ,【体重計Scale 3 Pro同梱&新生活10%OFF&世界初自動血圧測定スマートウォッチ&医療機器認証済】楽天1位 HUAWEI WATCH D2 心電図ECG ポンプとエアバッグ搭載 血圧測定 心拍数 血中酸素 6日間バッテリー 睡眠データ分析 運動 IP68防水 LINE通知 返信 Android iOS,54800,https://hb.afl.rakuten.co.jp/hgc/g00u6ntn.7fmpibd1.g00u6ntn.7fmpj144/?pc=https%3A%2F%2Fitem.rakuten.co.jp%2Fhuawei-official%2F55020axd%2F&m=http%3A%2F%2Fm.rakuten.co.jp%2Fhuawei-official%2Fi%2F10000480%2F&rafcid=wsc_i_is_d634ff2c-683e-4977-844d-858728677083
スマートウォッチ,【マラソン限定 抽選で最大100%ポイントバック】ガーミン GARMIN vivoactive5 010-02862-40 010-02862-41 010-02862-42 010-02862-43 ヴィヴォアクティブ5 メンズ レディース スマートウォッチ GPS ランニング ウォーキング トレーニング フィットネス 健康管理 日本正規品,27066,https://hb.afl.rakuten.co.jp/hgc/g00thsdn.7fmpi54e.g00thsdn.7fmpj3ff/?pc=https%3A%2F%2Fitem.rakuten.co.jp%2Fjw-oomiya%2Fgm-vivo1a%2F&m=http%3A%2F%2Fm.rakuten.co.jp%2Fjw-oomiya%2Fi%2F10005395%2F&rafcid=wsc_i_is_d634ff2c-683e-4977-844d-858728677083
スマートウォッチ,2026新【保護フィルムつき】楽天1位 HUAWEI Band 11 1.62インチ有機EL スマートバンド 24時間HRV測定 睡眠測定 呼吸乱れ検知 情緒モニタリング機能 14日バッテリー 薄型軽量 100種類のワークアウトモード LINE通知 クイック返信 5ATM防水,6800,https://hb.afl.rakuten.co.jp/hgc/g00u6ntn.7fmpibd1.g00u6ntn.7fmpj144/?pc=https%3A%2F%2Fitem.rakuten.co.jp%2Fhuawei-official%2F55020anj%2F&m=http%3A%2F%2Fm.rakuten.co.jp%2Fhuawei-official%2Fi%2F10000477%2F&rafcid=wsc_i_is_d634ff2c-683e-4977-844d-858728677083
スマートウォッチ,"【母の日！クーポンで2,590円】 スマートウォッチ AI機能搭載 楽天1位 2.08インチ超大画面＆Bluetooth6.0 進化版 通話機能 レディース メンズ 腕時計 健康管理 心拍数 24時間測定 ランニング ランニングウォッチ iPhone対応 android対応 ギフト 母の日 新生活",5180,https://hb.afl.rakuten.co.jp/hgc/g00t5vzn.7fmpid46.g00t5vzn.7fmpj73f/?pc=https%3A%2F%2Fitem.rakuten.co.jp%2Fdaiwasangyou%2Fb06helt%2F&m=http%3A%2F%2Fm.rakuten.co.jp%2Fdaiwasangyou%2Fi%2F10000345%2F&rafcid=wsc_i_is_d634ff2c-683e-4977-844d-858728677083
コーヒーメーカー,【ランキング受賞！】 【シロカ公式】2025年11月20日発売 コーン式全自動コーヒーメーカー カフェばこ PRO CM-6C271(K) ブラック｜ガラスサーバー ステンレスフィルター付き 新形状ドリッパー採用 ミル一時停止機能 豆・粉対応 豆・水自動計量 挽き目無段階調節☆,24750,https://hb.afl.rakuten.co.jp/hgc/g00u50qn.7fmpi106.g00u50qn.7fmpj935/?pc=https%3A%2F%2Fitem.rakuten.co.jp%2Fsiroca%2Fcm-6c271k%2F&m=http%3A%2F%2Fm.rakuten.co.jp%2Fsiroca%2Fi%2F10000207%2F&rafcid=wsc_i_is_d634ff2c-683e-4977-844d-858728677083
コーヒーメーカー,【15％OFF】＼楽天ランキング1位／デロンギ マグニフィカS 全自動コーヒーマシン エスプレッソメーカー [ECAM22112W] | デロンギコーヒーメーカー 豆から挽く エスプレッソ カプチーノ カフェラテ 全自動 コーヒー豆 コーヒーマシン ミルクフォーマ 公式,59330,https://hb.afl.rakuten.co.jp/hgc/g00t7tcn.7fmpi398.g00t7tcn.7fmpj50a/?pc=https%3A%2F%2Fitem.rakuten.co.jp%2Fdelonghi%2F0132213170%2F&m=http%3A%2F%2Fm.rakuten.co.jp%2Fdelonghi%2Fi%2F10002653%2F&rafcid=wsc_i_is_d634ff2c-683e-4977-844d-858728677083
コーヒーメーカー,【シロカ公式】全自動コーヒーメーカー SC-A211 ステンレスシルバー | コーヒーメーカー 全自動 ミル付き ステンレス コーヒーマシン コーヒーマシーン ギフト プレゼント | アイスコーヒー対応 静音 コンパクト ミル2段階☆,10820,https://hb.afl.rakuten.co.jp/hgc/g00u50qn.7fmpi106.g00u50qn.7fmpj935/?pc=https%3A%2F%2Fitem.rakuten.co.jp%2Fsiroca%2Fsc-a211%2F&m=http%3A%2F%2Fm.rakuten.co.jp%2Fsiroca%2Fi%2F10000003%2F&rafcid=wsc_i_is_d634ff2c-683e-4977-844d-858728677083
コーヒーメーカー,＼楽天ランキング1位／デロンギ マグニフィカS 全自動コーヒーマシン エスプレッソマシン [ECAM22112B] デロンギコーヒーメーカー コーヒーメーカー 豆から挽く エスプレッソ カプチーノ カフェラテ 全自動 コーヒー豆 在宅勤務 テレワーク 公式 正規品,69800,https://hb.afl.rakuten.co.jp/hgc/g00t7tcn.7fmpi398.g00t7tcn.7fmpj50a/?pc=https%3A%2F%2Fitem.rakuten.co.jp%2Fdelonghi%2F0132213169%2F&m=http%3A%2F%2Fm.rakuten.co.jp%2Fdelonghi%2Fi%2F10002655%2F&rafcid=wsc_i_is_d634ff2c-683e-4977-844d-858728677083
コーヒーメーカー,パナソニック コーヒーメーカー　ブラック NC-A58-K Panasonic　全自動コーヒーメーカー [NCA58K],19981,https://hb.afl.rakuten.co.jp/hgc/g00pukwn.7fmpieaf.g00pukwn.7fmpj8ae/?pc=https%3A%2F%2Fitem.rakuten.co.jp%2Fjism%2F4549980869505-24-46091-n%2F&m=http%3A%2F%2Fm.rakuten.co.jp%2Fjism%2Fi%2F14427127%2F&rafcid=wsc_i_is_d634ff2c-683e-4977-844d-858728677083
ヨガマット,【選べる4サイズ】Soomloom ヨガマット 10mm 15mm トレーニングマット ヨガ ピラティス エクササイズ マット 初心者 ゴム 収納バンド ケース付き ダイエット 上級者 極厚 器具 yoga ケース 腹筋 脚痩せ フィットネス ヨガ NBR ヨガマット 売れ筋,2380,https://hb.afl.rakuten.co.jp/hgc/g00rdevn.7fmpi4d9.g00rdevn.7fmpjdc8/?pc=https%3A%2F%2Fitem.rakuten.co.jp%2Fyiprefer%2Ftra-003%2F&m=http%3A%2F%2Fm.rakuten.co.jp%2Fyiprefer%2Fi%2F10001544%2F&rafcid=wsc_i_is_d634ff2c-683e-4977-844d-858728677083
ヨガマット,【クーポンで最大20%OFF】【最高級素材＆選べる3パターン】TPE ヨガマット 10mm 6mm 厚手 折りたたみ マット 滑らない 滑りにくい トレーニングマット エクササイズマット エクササイズ フィットネス ヨガ ピラティス トレーニング ストレッチマット 収納袋付き,1980,https://hb.afl.rakuten.co.jp/hgc/g00rgdwn.7fmpi89d.g00rgdwn.7fmpje0e/?pc=https%3A%2F%2Fitem.rakuten.co.jp%2Fweiwei%2Fyogam%2F&m=http%3A%2F%2Fm.rakuten.co.jp%2Fweiwei%2Fi%2F10023649%2F&rafcid=wsc_i_is_d634ff2c-683e-4977-844d-858728677083
ヨガマット,"【最大2,000円OFFクーポン】高評価4.4！選べる6サイズ ヨガマット 厚手 10mm 15mm くすみカラー ケース&バンド付き 幅広 大判 滑らない 軽量 ピラティス トレーニングマット エクササイズ 宅トレ 筋トレ ダイエット 男女兼用",1640,https://hb.afl.rakuten.co.jp/hgc/g00tmjzn.7fmpi539.g00tmjzn.7fmpje6d/?pc=https%3A%2F%2Fitem.rakuten.co.jp%2Fclassort%2Fyogam2%2F&m=http%3A%2F%2Fm.rakuten.co.jp%2Fclassort%2Fi%2F10000087%2F&rafcid=wsc_i_is_d634ff2c-683e-4977-844d-858728677083
ヨガマット,【クーポンで最大20%OFF】【選べる6サイズ】ヨガマット 10mm 15mm 幅広 厚手 トレーニングマット ピラティスマット 筋トレ エクササイズ ヨガ ストレッチ トレーニング トレーニングマット ストレッチマット エクササイズマット 大きめ 宅トレ マットレス おしゃれ,1580,https://hb.afl.rakuten.co.jp/hgc/g00rgdwn.7fmpi89d.g00rgdwn.7fmpje0e/?pc=https%3A%2F%2Fitem.rakuten.co.jp%2Fweiwei%2Fyogam1%2F&m=http%3A%2F%2Fm.rakuten.co.jp%2Fweiwei%2Fi%2F10019823%2F&rafcid=wsc_i_is_d634ff2c-683e-4977-844d-858728677083
ヨガマット,【高評価】トレーニングマット ヨガマット NBR 4サイズ選べる 15mm/10mm 長さ183cm 幅広80cm/ 61cm ピラティス 筋トレ 防災マット 特大 男女兼用 高密度 クッション 滑らない Gruper ピラティス フィットネス リングフィット BIGサイズ 防災グッズ 避難所用 防寒,1950,https://hb.afl.rakuten.co.jp/hgc/g00to08n.7fmpie8c.g00to08n.7fmpj673/?pc=https%3A%2F%2Fitem.rakuten.co.jp%2Flively777%2Fyujiadian002%2F&m=http%3A%2F%2Fm.rakuten.co.jp%2Flively777%2Fi%2F10000016%2F&rafcid=wsc_i_is_d634ff2c-683e-4977-844d-858728677083
Bluetoothスピーカー,★5/8AM10時〜限定クーポン＆ポイントUP★【公式限定】JBL Bluetooth スピーカー CHARGE ESSENTIAL 2 | ジェービーエル 高音質 防水 重低音 ポータブルスピーカー ワイヤレススピーカー ポータブル IPX7 モバイルバッテリー機能 スマホ アウトドア,17600,https://hb.afl.rakuten.co.jp/hgc/g00tzaon.7fmpi3a5.g00tzaon.7fmpjf8f/?pc=https%3A%2F%2Fitem.rakuten.co.jp%2Fjblstore%2Fcharge-essential2%2F&m=http%3A%2F%2Fm.rakuten.co.jp%2Fjblstore%2Fi%2F10000111%2F&rafcid=wsc_i_is_d634ff2c-683e-4977-844d-858728677083
Bluetoothスピーカー,Marshall 公式ストア EMBERTON III Bluetoothスピーカー マーシャル エンバートン3 EMBERTON3 国内正規品 ワイヤレス 防水 防塵 大音量 低音 重低音 高音質 アプリ対応 バッテリー保護機能 イコライザ 第3世代 USB,28980,https://hb.afl.rakuten.co.jp/hgc/g00u54tn.7fmpi5f8.g00u54tn.7fmpjfc2/?pc=https%3A%2F%2Fitem.rakuten.co.jp%2Fmarshall-official%2F7340055399449%2F&m=http%3A%2F%2Fm.rakuten.co.jp%2Fmarshall-official%2Fi%2F10000035%2F&rafcid=wsc_i_is_d634ff2c-683e-4977-844d-858728677083
Bluetoothスピーカー,【30%OFFクーポン 5/16まで】Anker SoundCore 2 (12W スピーカー 24時間連続再生)【完全ワイヤレスステレオ対応/強化された低音 / IPX7防水規格 / デュアルドライバー/マイク内蔵】,5990,https://hb.afl.rakuten.co.jp/hgc/g00rr09n.7fmpia48.g00rr09n.7fmpj1e9/?pc=https%3A%2F%2Fitem.rakuten.co.jp%2Fanker%2Fa3105%2F&m=http%3A%2F%2Fm.rakuten.co.jp%2Fanker%2Fi%2F10000451%2F&rafcid=wsc_i_is_d634ff2c-683e-4977-844d-858728677083
Bluetoothスピーカー,【30%OFFクーポン 5/16まで】Anker Soundcore 3 (Bluetooth スピーカー)【イコライザー設定 チタニウムドライバー BassUpテクノロジー PartyCast機能 IPX7 防水規格 24時間連続再生 USB-C接続】,6990,https://hb.afl.rakuten.co.jp/hgc/g00rr09n.7fmpia48.g00rr09n.7fmpj1e9/?pc=https%3A%2F%2Fitem.rakuten.co.jp%2Fanker%2Fa3117%2F&m=http%3A%2F%2Fm.rakuten.co.jp%2Fanker%2Fi%2F10000858%2F&rafcid=wsc_i_is_d634ff2c-683e-4977-844d-858728677083
Bluetoothスピーカー,【送料無料】 bluetooth ポータブルスピーカー FUNLOGY Portable Mini 防水 ワイヤレス スピーカー 小型 TWS アウトドア IP67 お風呂 キャンプ バッテリー搭載 モバイル 高音質 iPhone Android おしゃれ pc ブルートゥース,2580,https://hb.afl.rakuten.co.jp/hgc/g00skutn.7fmpie7f.g00skutn.7fmpj460/?pc=https%3A%2F%2Fitem.rakuten.co.jp%2Fentamefactory%2Fportable_mini%2F&m=http%3A%2F%2Fm.rakuten.co.jp%2Fentamefactory%2Fi%2F10000450%2F&rafcid=wsc_i_is_d634ff2c-683e-4977-844d-858728677083
電気ケトル,【P5倍★ 5/16 8:59迄】タイガー魔法瓶 タイガー 電気ケトル 省スチーム 1.0L 1.2L PCL-N100 PCL-N120 わく子 ケトル ポット 早い おしゃれ 安全 大容量 マット ホワイト ベージュ ブルー 1l,5980,https://hb.afl.rakuten.co.jp/hgc/g00rgmqn.7fmpi458.g00rgmqn.7fmpj041/?pc=https%3A%2F%2Fitem.rakuten.co.jp%2Ftiger-online%2Fpcl-a100%2F&m=http%3A%2F%2Fm.rakuten.co.jp%2Ftiger-online%2Fi%2F10004174%2F&rafcid=wsc_i_is_d634ff2c-683e-4977-844d-858728677083
電気ケトル,＼洗浄剤プレゼント／ 蒸気レス 電気ケトル タイガー 0.6L 0.8L 1L 1.0L 1.2L ステンレス おしゃれ PCV-A 小型 TIGER VE電気ケトル ケトル 節電 省エネ 魔法瓶 まほうびん スピード沸騰 空だき防止 給湯ロック 転倒お湯もれ防止 ホワイトブラック ベージュ,5280,https://hb.afl.rakuten.co.jp/hgc/g00qe94n.7fmpida1.g00qe94n.7fmpjb44/?pc=https%3A%2F%2Fitem.rakuten.co.jp%2Fshopworld%2F143058-143067%2F&m=http%3A%2F%2Fm.rakuten.co.jp%2Fshopworld%2Fi%2F10141900%2F&rafcid=wsc_i_is_d634ff2c-683e-4977-844d-858728677083
電気ケトル,"クーポンで4,944円 バリスタ推奨★電気ケトル 1L 保温/温度調整 急速沸騰 空焚き防止 自動電源OFF 手入れ簡単 細口【水量と速度を自由にコントロール】コーヒーポット 電気ポット ドリップケトル 湯沸かし 高級感 おしゃれ ステンレス",6180,https://hb.afl.rakuten.co.jp/hgc/g00twu5n.7fmpi0a6.g00twu5n.7fmpj413/?pc=https%3A%2F%2Fitem.rakuten.co.jp%2Fjoisafakey%2Fhhb1003%2F&m=http%3A%2F%2Fm.rakuten.co.jp%2Fjoisafakey%2Fi%2F10000070%2F&rafcid=wsc_i_is_d634ff2c-683e-4977-844d-858728677083
電気ケトル,【20％OFF】＼楽天ランキング1位／【直営店限定モデル】デロンギ アイコナ 温度設定機能付き電気カフェケトル ビターグレージュ[KBOE1230J-BG]delonghi 公式 電気ケトル おしゃれ 湯沸かしポット 保温機能付き プレゼント 電子ケトル コーヒーケトル ポット 保温 1l,11840,https://hb.afl.rakuten.co.jp/hgc/g00t7tcn.7fmpi398.g00t7tcn.7fmpj50a/?pc=https%3A%2F%2Fitem.rakuten.co.jp%2Fdelonghi%2F0210400005%2F&m=http%3A%2F%2Fm.rakuten.co.jp%2Fdelonghi%2Fi%2F10002586%2F&rafcid=wsc_i_is_d634ff2c-683e-4977-844d-858728677083
電気ケトル,【公式は2年保証】電気ケトル おしゃれ ドリップ 一人暮らし コーヒー ケトル 600ml 0.6Lドリップケトル IKE-C601T-HA IKE-C601T-CW IKE-C800T ケトル 電気ケトル 電気 電気ポット [安心延長保証対象],6980,https://hb.afl.rakuten.co.jp/hgc/g00t3ztn.7fmpi5db.g00t3ztn.7fmpj7bd/?pc=https%3A%2F%2Fitem.rakuten.co.jp%2Firisplaza-r%2F513875%2F&m=http%3A%2F%2Fm.rakuten.co.jp%2Firisplaza-r%2Fi%2F10107672%2F&rafcid=wsc_i_is_d634ff2c-683e-4977-844d-858728677083
モバイルバッテリー,【クーポン利用で最安2380円】楽天1位20冠達成！モバイルバッテリー 大容量 23600mAh PD22.5W 急速充電 Type-C出入力 4本ケーブル内蔵 軽量 iphone スマホ充電器 携帯充電器 タイプc対応 残量表示 LEDライト 防災グッズ PSE認証済 Lightning iPhone/Android全機種対応,2980,https://hb.afl.rakuten.co.jp/hgc/g00tzq9n.7fmpi0a4.g00tzq9n.7fmpj006/?pc=https%3A%2F%2Fitem.rakuten.co.jp%2Ffurumiyashop%2Fcdb00p60%2F&m=http%3A%2F%2Fm.rakuten.co.jp%2Ffurumiyashop%2Fi%2F10000146%2F&rafcid=wsc_i_is_d634ff2c-683e-4977-844d-858728677083
モバイルバッテリー,"Anker Power Bank (10000mAh, 22.5W) (モバイルバッテリー 10000mAh 最大22.5W出力 USB-C & USB-C ケーブル付属 ディスプレイ搭載) 【USB PD/PowerIQ搭載/PSE技術基準適合】iPhone 15 Android iPad その他各種機器対応",3490,https://hb.afl.rakuten.co.jp/hgc/g00rr09n.7fmpia48.g00rr09n.7fmpj1e9/?pc=https%3A%2F%2Fitem.rakuten.co.jp%2Fanker%2Fa1257%2F&m=http%3A%2F%2Fm.rakuten.co.jp%2Fanker%2Fi%2F10001908%2F&rafcid=wsc_i_is_d634ff2c-683e-4977-844d-858728677083
モバイルバッテリー,"【期間限定セール実施中 5/16まで】Anker Power Bank (25000mAh, Built-In & 巻取り式USB-Cケーブル) 【PD対応/PSE技術基準適合/USB-C入力対応 / 165W出力 MacBook PD対応Windows PC iPad Pro iPhone Galaxy Android スマートフォン ノートPC 各種】",9990,https://hb.afl.rakuten.co.jp/hgc/g00rr09n.7fmpia48.g00rr09n.7fmpj1e9/?pc=https%3A%2F%2Fitem.rakuten.co.jp%2Fanker%2Fa1695%2F&m=http%3A%2F%2Fm.rakuten.co.jp%2Fanker%2Fi%2F10002313%2F&rafcid=wsc_i_is_d634ff2c-683e-4977-844d-858728677083
モバイルバッテリー,"【期間限定セール実施中 5/16まで】Anker Nano Power Bank (12W, Built-In Lightning Connector ) / Anker Nano Power Bank (22.5W, Built-In USB-C Connector) (モバイルバッテリー 5000mAh 小型)【MFi認証済/端子一体型】iPhone 17/16/15/14",2890,https://hb.afl.rakuten.co.jp/hgc/g00rr09n.7fmpia48.g00rr09n.7fmpj1e9/?pc=https%3A%2F%2Fitem.rakuten.co.jp%2Fanker%2Fa1645%2F&m=http%3A%2F%2Fm.rakuten.co.jp%2Fanker%2Fi%2F10001561%2F&rafcid=wsc_i_is_d634ff2c-683e-4977-844d-858728677083
モバイルバッテリー,"＼84%OFF！20%クーポン+P2で1,784円！／【雑誌掲載】Ennice モバイルバッテリー 20000mAh 軽量 小型 大容量 iPhone17【2026業界最新極薄登場&急速充電】Type-C出力/入力ポート持ち運び 5台同時充電 PSE認証済 iPhone&Android/空調服/扇風機に対応",2280,https://hb.afl.rakuten.co.jp/hgc/g00um25n.7fmpib5e.g00um25n.7fmpj193/?pc=https%3A%2F%2Fitem.rakuten.co.jp%2Fdasimon%2Fennice-n2%2F&m=http%3A%2F%2Fm.rakuten.co.jp%2Fdasimon%2Fi%2F10000004%2F&rafcid=wsc_i_is_d634ff2c-683e-4977-844d-858728677083
